<?xml version="1.0" encoding="UTF-8"?>
<feature
      id="com.jformdesigner"
      label="JFormDesigner"
      version="5.0.2"
      provider-name="FormDev Software GmbH">

   <description url="http://www.formdev.com/jformdesigner/">
      Advanced Swing GUI designer. Its outstanding support for
JGoodies FormLayout, GroupLayout (Free Design), TableLayout and
GridBagLayout makes it easy to create professional looking forms.
   </description>

   <copyright>
      Copyright (C) 2004-2011 FormDev Software GmbH. All rights reserved.
   </copyright>

   <license url="LICENSE.html">
      %license
   </license>

   <url>
      <update label="JFormDesigner Update Site" url="http://download.formdev.com/jformdesigner/eclipse/"/>
   </url>

   <requires>
      <import feature="org.eclipse.jdt" version="3.2.0" match="greaterOrEqual"/>
   </requires>

   <plugin
         id="com.jformdesigner"
         download-size="5000"
         install-size="5000"
         version="5.0.2"
         unpack="false"/>

   <plugin
         id="com.jformdesigner.doc"
         download-size="2500"
         install-size="2500"
         version="5.0.2"
         unpack="false"/>

   <plugin
         id="com.jformdesigner.redist"
         download-size="4000"
         install-size="4000"
         version="5.0.2"/>

</feature>
